<?xml version="1.0" encoding="UTF-8"?><MD_Metadata xmlns:xlink="http://www.w3.org/1999/xlink" xmlns:srv="http://www.isotc211.org/2005/srv" xmlns:gts="http://www.isotc211.org/2005/gts" xmlns:xalan="http://xml.apache.org/xalan" xmlns:gco="http://www.isotc211.org/2005/gco" xmlns:gml="http://www.opengis.net/gml" xmlns:xsi="http://www.w3.org/2001/XMLSchema-instance" xmlns="http://www.isotc211.org/2005/gmd">
    <fileIdentifier>
        <gco:CharacterString>46fa5280f9614b96b6d2ee710d40e62f</gco:CharacterString>
    </fileIdentifier>
    <language>
        <LanguageCode codeList="http://www.loc.gov/standards/iso639-2/php/code_list.php" codeListValue="eng" codeSpace="ISO639-2">eng</LanguageCode>
    </language>
    <characterSet>
        <MD_CharacterSetCode codeList="http://www.isotc211.org/2005/resources/Codelist/gmxCodelists.xml#MD_CharacterSetCode" codeListValue="utf8" codeSpace="ISOTC211/19115">utf8</MD_CharacterSetCode>
    </characterSet>
    <hierarchyLevel>
        <MD_ScopeCode codeList="http://www.isotc211.org/2005/resources/Codelist/gmxCodelists.xml#MD_ScopeCode" codeListValue="dataset" codeSpace="ISOTC211/19115">dataset</MD_ScopeCode>
    </hierarchyLevel>
    <contact>
        <CI_ResponsibleParty>
            <individualName>
                <gco:CharacterString>Lisa Colson</gco:CharacterString>
            </individualName>
            <organisationName>
                <gco:CharacterString>USDA FAS</gco:CharacterString>
            </organisationName>
            <positionName>
                <gco:CharacterString>GIS Mapping &amp; Imagery Specialist</gco:CharacterString>
            </positionName>
            <contactInfo>
                <CI_Contact>
                    <phone>
                        <CI_Telephone>
                            <voice>
                                <gco:CharacterString>(202) 720-6652</gco:CharacterString>
                            </voice>
                        </CI_Telephone>
                    </phone>
                    <address>
                        <CI_Address>
                            <electronicMailAddress>
                                <gco:CharacterString>lisa.colson@fas.usda.gov</gco:CharacterString>
                            </electronicMailAddress>
                        </CI_Address>
                    </address>
                </CI_Contact>
            </contactInfo>
            <role>
                <CI_RoleCode codeList="http://www.isotc211.org/2005/resources/Codelist/gmxCodelists.xml#CI_RoleCode" codeListValue="pointOfContact" codeSpace="ISOTC211/19115">pointOfContact</CI_RoleCode>
            </role>
        </CI_ResponsibleParty>
    </contact>
    <dateStamp>
        <gco:Date>2017-05-26</gco:Date>
    </dateStamp>
    <metadataStandardName>
        <gco:CharacterString>NAP - Metadata</gco:CharacterString>
    </metadataStandardName>
    <metadataStandardVersion>
        <gco:CharacterString>1.2</gco:CharacterString>
    </metadataStandardVersion>
    <locale>
        <PT_Locale>
            <languageCode>
                <LanguageCode codeList="http://www.loc.gov/standards/iso639-2/php/code_list.php" codeListValue="eng" codeSpace="ISO639-2">eng</LanguageCode>
            </languageCode>
            <country>
                <Country codeList="http://www.iso.org/iso/country_codes/iso_3166_code_lists.htm" codeListValue="US" codeSpace="ISO3166-1">US</Country>
            </country>
            <characterEncoding>
                <MD_CharacterSetCode codeList="http://www.isotc211.org/2005/resources/Codelist/gmxCodelists.xml#MD_CharacterSetCode" codeListValue="utf8" codeSpace="ISOTC211/19115">utf8</MD_CharacterSetCode>
            </characterEncoding>
        </PT_Locale>
    </locale>
    <spatialRepresentationInfo>
        <MD_VectorSpatialRepresentation gco:nilReason="missing"/>
    </spatialRepresentationInfo>
    <referenceSystemInfo gco:nilReason="missing"/>
    <identificationInfo>
        <MD_DataIdentification>
            <citation>
                <CI_Citation>
                    <title>
                        <gco:CharacterString>Country Boundaries</gco:CharacterString>
                    </title>
                    <date>
                        <CI_Date>
                            <date>
                                <gco:Date>2017-05-26</gco:Date>
                            </date>
                            <dateType>
                                <CI_DateTypeCode codeList="http://www.isotc211.org/2005/resources/Codelist/gmxCodelists.xml#CI_DateTypeCode" codeListValue="creation" codeSpace="ISOTC211/19115">creation</CI_DateTypeCode>
                            </dateType>
                        </CI_Date>
                    </date>
                    <date>
                        <CI_Date>
                            <date>
                                <gco:Date>2017-05-26</gco:Date>
                            </date>
                            <dateType>
                                <CI_DateTypeCode codeList="http://www.isotc211.org/2005/resources/Codelist/gmxCodelists.xml#CI_DateTypeCode" codeListValue="publication" codeSpace="ISOTC211/19115">publication</CI_DateTypeCode>
                            </dateType>
                        </CI_Date>
                    </date>
                    <citedResponsibleParty gco:nilReason="missing"/>
                </CI_Citation>
            </citation>
            <abstract>
                <gco:CharacterString>This data set is provided by the Global Administrative Areas (GADM) project matching Level 0 records. In GADM, 
a "country" is any entity with an ISO country code. Frequently, these are not always sovereign states. For example, 
Greenland is an "ISO-country", as are the Faroe Islands and Denmark. Together these three ISO-countries form 
the Kingdom of Denmark, a single state. Additionally, there are many global disputes regarding sovereignty over 
geographical areas.  GADM does not wish to express any political opinion about such matters and tries to map 
the de-facto situation. 

GADM is a spatial database of the location of the world's administrative areas (or administrative boundaries) for 
use in GIS and similar software. Administrative areas in this database are countries and lower level subdivisions 
such as provinces, departments, bibhag, bundeslander, daerah istimewa, fivondronana, krong, landsvæðun, opština, 
sous-préfectures, counties, and thana. GADM describes where these administrative areas are (the "spatial features"), 
and for each area it provides some attributes, such as the name and variant names.

Compared to Version 1, GADM Version 2 has, among other things, more detailed data for Belgium, Bosnia and 
Herzegovina, Croatia, Cuba, Dominican Republic, Luxembourg, Estonia, France, Hungary, Nepal, Turkey, Switzerland, 
Syria, Uzbekistan, and Venezuela. Sudan was split in two and a few Caribbean islands were split or rearranged. 
With only a few exceptions, the second level subdivision has now been mapped for all countries (see these maps, 
www.gadm.org/maps, by level of subdivision). This version of GADM delimits 556,049 administrative areas 
(or 218,238 if you count only the lowest level for each country).

Admin Level         Number of Records
Level 0 (country)           253
Level 1                      3,387
Level 2                    41,884

These files were created January 11, 2013 

Source: Global Administrative Areas, www.gadm.org, version 2.0, January 2012 by Robert Hijmans (UC-Davis), 
International Rice Research Institute, and UC-Berkeley. 

GADM was developed to support various activities, including georeferencing of textual locality descriptions 
(the BioGeomancer project) and for mapping census type data. The database is currently developed by Robert 
Hijmans. Major contributions have been made by Nell Garcia, Arnel Rala, and Aileen Maunahan at the International 
Rice Research Institute and by John Wieczorek and Julian Kapoor at the University of California, Berkeley, Museum 
of Vertebrate Zoology.</gco:CharacterString>
            </abstract>
            <credit>
                <gco:CharacterString>ESRI 2010, DeLorme Publishing Company, Inc. and Global Administrative Areas, www.gadm.org, version 2.0, January 2012</gco:CharacterString>
            </credit>
            <status>
                <MD_ProgressCode codeList="http://www.isotc211.org/2005/resources/Codelist/gmxCodelists.xml#MD_ProgressCode" codeListValue="completed" codeSpace="ISOTC211/19115">completed</MD_ProgressCode>
            </status>
            <pointOfContact>
                <CI_ResponsibleParty>
                    <individualName>
                        <gco:CharacterString>Lisa Colson</gco:CharacterString>
                    </individualName>
                    <organisationName>
                        <gco:CharacterString>USDA FAS</gco:CharacterString>
                    </organisationName>
                    <positionName>
                        <gco:CharacterString>GIS Mapping &amp; Imagery Specialist</gco:CharacterString>
                    </positionName>
                    <contactInfo>
                        <CI_Contact>
                            <phone>
                                <CI_Telephone>
                                    <voice>
                                        <gco:CharacterString>(202) 720-6652</gco:CharacterString>
                                    </voice>
                                </CI_Telephone>
                            </phone>
                            <address>
                                <CI_Address>
                                    <electronicMailAddress>
                                        <gco:CharacterString>lisa.colson@fas.usda.gov</gco:CharacterString>
                                    </electronicMailAddress>
                                </CI_Address>
                            </address>
                        </CI_Contact>
                    </contactInfo>
                    <role>
                        <CI_RoleCode codeList="http://www.isotc211.org/2005/resources/Codelist/gmxCodelists.xml#CI_RoleCode" codeListValue="pointOfContact" codeSpace="ISOTC211/19115">pointOfContact</CI_RoleCode>
                    </role>
                </CI_ResponsibleParty>
            </pointOfContact>
            <resourceMaintenance>
                <MD_MaintenanceInformation>
                    <maintenanceAndUpdateFrequency>
                        <MD_MaintenanceFrequencyCode codeList="http://www.isotc211.org/2005/resources/Codelist/gmxCodelists.xml#MD_MaintenanceFrequencyCode" codeListValue="asNeeded" codeSpace="ISOTC211/19115">asNeeded</MD_MaintenanceFrequencyCode>
                    </maintenanceAndUpdateFrequency>
                </MD_MaintenanceInformation>
            </resourceMaintenance>
            <descriptiveKeywords>
                <MD_Keywords>
                    <keyword>
                        <gco:CharacterString>Global</gco:CharacterString>
                    </keyword>
                    <type>
                        <MD_KeywordTypeCode codeList="http://www.isotc211.org/2005/resources/Codelist/gmxCodelists.xml#MD_KeywordTypeCode" codeListValue="place" codeSpace="ISOTC211/19115">place</MD_KeywordTypeCode>
                    </type>
                </MD_Keywords>
            </descriptiveKeywords>
            <descriptiveKeywords>
                <MD_Keywords>
                    <keyword>
                        <gco:CharacterString>Global</gco:CharacterString>
                    </keyword>
                    <type>
                        <MD_KeywordTypeCode codeList="http://www.isotc211.org/2005/resources/Codelist/gmxCodelists.xml#MD_KeywordTypeCode" codeListValue="temporal" codeSpace="ISOTC211/19115">temporal</MD_KeywordTypeCode>
                    </type>
                </MD_Keywords>
            </descriptiveKeywords>
            <spatialRepresentationType>
                <MD_SpatialRepresentationTypeCode codeList="http://www.isotc211.org/2005/resources/Codelist/gmxCodelists.xml#MD_SpatialRepresentationTypeCode" codeListValue="vector" codeSpace="ISOTC211/19115">vector</MD_SpatialRepresentationTypeCode>
            </spatialRepresentationType>
            <language>
                <LanguageCode codeList="http://www.loc.gov/standards/iso639-2/php/code_list.php" codeListValue="eng" codeSpace="ISO639-2">eng</LanguageCode>
            </language>
            <characterSet>
                <MD_CharacterSetCode codeList="http://www.isotc211.org/2005/resources/Codelist/gmxCodelists.xml#MD_CharacterSetCode" codeListValue="utf8" codeSpace="ISOTC211/19115">utf8</MD_CharacterSetCode>
            </characterSet>
            <topicCategory>
                <MD_TopicCategoryCode>boundaries</MD_TopicCategoryCode>
            </topicCategory>
            <topicCategory>
                <MD_TopicCategoryCode>location</MD_TopicCategoryCode>
            </topicCategory>
            <extent>
                <EX_Extent>
                    <geographicElement>
                        <EX_GeographicBoundingBox>
                            <westBoundLongitude>
                                <gco:Decimal>-180</gco:Decimal>
                            </westBoundLongitude>
                            <eastBoundLongitude>
                                <gco:Decimal>180</gco:Decimal>
                            </eastBoundLongitude>
                            <southBoundLatitude>
                                <gco:Decimal>-90</gco:Decimal>
                            </southBoundLatitude>
                            <northBoundLatitude>
                                <gco:Decimal>90</gco:Decimal>
                            </northBoundLatitude>
                        </EX_GeographicBoundingBox>
                    </geographicElement>
                </EX_Extent>
            </extent>
        </MD_DataIdentification>
    </identificationInfo>
    <distributionInfo>
        <MD_Distribution>
            <distributionFormat gco:nilReason="missing"/>
            <transferOptions>
                <MD_DigitalTransferOptions/>
            </transferOptions>
        </MD_Distribution>
    </distributionInfo>
    <metadataMaintenance>
        <MD_MaintenanceInformation>
            <maintenanceAndUpdateFrequency>
                <MD_MaintenanceFrequencyCode codeList="http://www.isotc211.org/2005/resources/Codelist/gmxCodelists.xml#MD_MaintenanceFrequencyCode" codeListValue="asNeeded" codeSpace="ISOTC211/19115">asNeeded</MD_MaintenanceFrequencyCode>
            </maintenanceAndUpdateFrequency>
        </MD_MaintenanceInformation>
    </metadataMaintenance>
</MD_Metadata>
